{
  "lang":"en",
  "name":"pipeline",
  "version":"0.0.0",
  "spacy_version":">=3.7.5,<3.8.0",
  "description":"",
  "author":"",
  "email":"",
  "url":"",
  "license":"",
  "spacy_git_version":"a6d0fc360",
  "vectors":{
    "width":0,
    "vectors":0,
    "keys":0,
    "name":null,
    "mode":"default"
  },
  "labels":{
    "tok2vec":[

    ],
    "ner":[
      "BUILD_YEAR",
      "CRANES",
      "DWT",
      "FLAG",
      "IMO",
      "OPEN_AREA",
      "OPEN_DATE",
      "VESSEL_NAME"
    ]
  },
  "pipeline":[
    "tok2vec",
    "ner"
  ],
  "components":[
    "tok2vec",
    "ner"
  ],
  "disabled":[

  ],
  "performance":{
    "ents_f":0.7179487179,
    "ents_p":0.6829268293,
    "ents_r":0.7567567568,
    "ents_per_type":{
      "OPEN_AREA":{
        "p":0.4444444444,
        "r":0.8571428571,
        "f":0.5853658537
      },
      "OPEN_DATE":{
        "p":0.5555555556,
        "r":0.5,
        "f":0.5263157895
      },
      "VESSEL_NAME":{
        "p":0.8260869565,
        "r":0.8636363636,
        "f":0.8444444444
      },
      "IMO":{
        "p":0.7333333333,
        "r":0.8461538462,
        "f":0.7857142857
      },
      "DWT":{
        "p":0.8095238095,
        "r":0.9189189189,
        "f":0.8607594937
      },
      "BUILD_YEAR":{
        "p":0.6315789474,
        "r":0.6,
        "f":0.6153846154
      },
      "CRANES":{
        "p":0.6666666667,
        "r":0.6666666667,
        "f":0.6666666667
      },
      "FLAG":{
        "p":0.5652173913,
        "r":0.5909090909,
        "f":0.5777777778
      }
    },
    "tok2vec_loss":494.0127456641,
    "ner_loss":1057.8350754528
  }
}