{
  "lang":"en",
  "name":"pipeline",
  "version":"0.0.0",
  "spacy_version":">=3.7.5,<3.8.0",
  "description":"",
  "author":"",
  "email":"",
  "url":"",
  "license":"",
  "spacy_git_version":"a6d0fc360",
  "vectors":{
    "width":0,
    "vectors":0,
    "keys":0,
    "name":null,
    "mode":"default"
  },
  "labels":{
    "tok2vec":[

    ],
    "ner":[
      "BUILD_YEAR",
      "CRANES",
      "DWT",
      "FLAG",
      "IMO",
      "OPEN_AREA",
      "OPEN_DATE",
      "VESSEL_NAME"
    ]
  },
  "pipeline":[
    "tok2vec",
    "ner"
  ],
  "components":[
    "tok2vec",
    "ner"
  ],
  "disabled":[

  ],
  "performance":{
    "ents_f":0.7103274559,
    "ents_p":0.6650943396,
    "ents_r":0.7621621622,
    "ents_per_type":{
      "OPEN_AREA":{
        "p":0.5,
        "r":1.0,
        "f":0.6666666667
      },
      "OPEN_DATE":{
        "p":0.5454545455,
        "r":0.6,
        "f":0.5714285714
      },
      "VESSEL_NAME":{
        "p":0.7083333333,
        "r":0.7727272727,
        "f":0.7391304348
      },
      "IMO":{
        "p":0.7333333333,
        "r":0.8461538462,
        "f":0.7857142857
      },
      "DWT":{
        "p":0.9428571429,
        "r":0.8918918919,
        "f":0.9166666667
      },
      "CRANES":{
        "p":0.8,
        "r":0.8,
        "f":0.8
      },
      "BUILD_YEAR":{
        "p":0.5,
        "r":0.7,
        "f":0.5833333333
      },
      "FLAG":{
        "p":0.5238095238,
        "r":0.5,
        "f":0.511627907
      }
    },
    "tok2vec_loss":551.2962209265,
    "ner_loss":753.8745287796
  }
}