{
  "lang":"en",
  "name":"pipeline",
  "version":"0.0.0",
  "spacy_version":">=3.7.5,<3.8.0",
  "description":"",
  "author":"",
  "email":"",
  "url":"",
  "license":"",
  "spacy_git_version":"a6d0fc360",
  "vectors":{
    "width":0,
    "vectors":0,
    "keys":0,
    "name":null,
    "mode":"default"
  },
  "labels":{
    "tok2vec":[

    ],
    "ner":[
      "ADDESS _COM",
      "ADDRESS_COM",
      "CARGO NAME",
      "CARGO_NAME",
      "CARGO_SIZE",
      "COMPANY",
      "COMPANY ",
      "DELIVERY",
      "DELIVERY ",
      "DISCHARGE_PORT",
      "DISCHARGE_RATE",
      "DURATION",
      "LAYCAN",
      "LOAD_PORT",
      "LOAD_RATE",
      "RE_DELIVERY",
      "TCT"
    ]
  },
  "pipeline":[
    "tok2vec",
    "ner"
  ],
  "components":[
    "tok2vec",
    "ner"
  ],
  "disabled":[

  ],
  "performance":{
    "ents_f":0.4827586207,
    "ents_p":0.4757281553,
    "ents_r":0.49,
    "ents_per_type":{
      "LAYCAN":{
        "p":0.3529411765,
        "r":0.6666666667,
        "f":0.4615384615
      },
      "COMPANY":{
        "p":0.0909090909,
        "r":0.3333333333,
        "f":0.1428571429
      },
      "ADDRESS_COM":{
        "p":0.875,
        "r":0.9333333333,
        "f":0.9032258065
      },
      "CARGO_NAME":{
        "p":0.0,
        "r":0.0,
        "f":0.0
      },
      "LOAD_PORT":{
        "p":0.1111111111,
        "r":0.25,
        "f":0.1538461538
      },
      "DELIVERY":{
        "p":0.4444444444,
        "r":0.3333333333,
        "f":0.380952381
      },
      "CARGO_SIZE":{
        "p":0.1818181818,
        "r":0.1538461538,
        "f":0.1666666667
      },
      "DISCHARGE_PORT":{
        "p":0.6666666667,
        "r":0.5,
        "f":0.5714285714
      },
      "LOAD_RATE":{
        "p":0.0,
        "r":0.0,
        "f":0.0
      },
      "DISCHARGE_RATE":{
        "p":0.0,
        "r":0.0,
        "f":0.0
      },
      "RE_DELIVERY":{
        "p":0.7692307692,
        "r":0.7692307692,
        "f":0.7692307692
      },
      "DURATION":{
        "p":0.9,
        "r":0.6428571429,
        "f":0.75
      }
    },
    "tok2vec_loss":982.508524228,
    "ner_loss":3592.5279624539
  }
}