{
  "lang":"en",
  "name":"pipeline",
  "version":"0.0.0",
  "spacy_version":">=3.7.5,<3.8.0",
  "description":"",
  "author":"",
  "email":"",
  "url":"",
  "license":"",
  "spacy_git_version":"a6d0fc360",
  "vectors":{
    "width":0,
    "vectors":0,
    "keys":0,
    "name":null,
    "mode":"default"
  },
  "labels":{
    "tok2vec":[

    ],
    "ner":[
      "ADDRESS_COM",
      "CARGO_NAME",
      "CARGO_SIZE",
      "COMPANY",
      "DELIVERY",
      "DISCHARGE_PORT",
      "DISCHARGE_RATE",
      "DURATION",
      "LAYCAN",
      "LOAD_PORT",
      "LOAD_RATE",
      "RE_DELIVERY",
      "TCT"
    ]
  },
  "pipeline":[
    "tok2vec",
    "ner"
  ],
  "components":[
    "tok2vec",
    "ner"
  ],
  "disabled":[

  ],
  "performance":{
    "ents_f":0.5352112676,
    "ents_p":0.5044247788,
    "ents_r":0.57,
    "ents_per_type":{
      "COMPANY":{
        "p":0.0714285714,
        "r":0.3333333333,
        "f":0.1176470588
      },
      "LAYCAN":{
        "p":0.3333333333,
        "r":0.6666666667,
        "f":0.4444444444
      },
      "ADDRESS_COM":{
        "p":0.8666666667,
        "r":0.8666666667,
        "f":0.8666666667
      },
      "LOAD_PORT":{
        "p":0.3,
        "r":0.75,
        "f":0.4285714286
      },
      "CARGO_NAME":{
        "p":0.0,
        "r":0.0,
        "f":0.0
      },
      "DELIVERY":{
        "p":0.6363636364,
        "r":0.5833333333,
        "f":0.6086956522
      },
      "CARGO_SIZE":{
        "p":0.2,
        "r":0.1538461538,
        "f":0.1739130435
      },
      "LOAD_RATE":{
        "p":0.5,
        "r":0.75,
        "f":0.6
      },
      "DISCHARGE_RATE":{
        "p":0.3333333333,
        "r":1.0,
        "f":0.5
      },
      "DISCHARGE_PORT":{
        "p":1.0,
        "r":0.5,
        "f":0.6666666667
      },
      "RE_DELIVERY":{
        "p":0.7692307692,
        "r":0.7692307692,
        "f":0.7692307692
      },
      "DURATION":{
        "p":0.9,
        "r":0.6428571429,
        "f":0.75
      }
    },
    "tok2vec_loss":6356.3463772138,
    "ner_loss":3199.4938874336
  }
}