{
  "lang":"en",
  "name":"pipeline",
  "version":"0.0.0",
  "spacy_version":">=3.7.6,<3.8.0",
  "description":"",
  "author":"",
  "email":"",
  "url":"",
  "license":"",
  "spacy_git_version":"319e025",
  "vectors":{
    "width":0,
    "vectors":0,
    "keys":0,
    "name":null,
    "mode":"default"
  },
  "labels":{
    "tok2vec":[

    ],
    "ner":[
      "ADDESS _COM",
      "ADDRESS_COM",
      "CARGO NAME",
      "CARGO_NAME",
      "CARGO_SIZE",
      "COMPANY",
      "COMPANY ",
      "DELIVERY",
      "DELIVERY ",
      "DISCHARGE_PORT",
      "DISCHARGE_RATE",
      "DURATION",
      "LAYCAN",
      "LOAD_PORT",
      "LOAD_RATE",
      "RE_DELIVERY",
      "TCT"
    ]
  },
  "pipeline":[
    "tok2vec",
    "ner"
  ],
  "components":[
    "tok2vec",
    "ner"
  ],
  "disabled":[

  ],
  "performance":{
    "ents_f":0.5302325581,
    "ents_p":0.4956521739,
    "ents_r":0.57,
    "ents_per_type":{
      "COMPANY":{
        "p":0.1333333333,
        "r":0.6666666667,
        "f":0.2222222222
      },
      "LAYCAN":{
        "p":0.6666666667,
        "r":0.6666666667,
        "f":0.6666666667
      },
      "ADDRESS_COM":{
        "p":0.7647058824,
        "r":0.8666666667,
        "f":0.8125
      },
      "CARGO_NAME":{
        "p":0.3636363636,
        "r":0.5,
        "f":0.4210526316
      },
      "LOAD_PORT":{
        "p":0.1111111111,
        "r":0.25,
        "f":0.1538461538
      },
      "CARGO_SIZE":{
        "p":0.25,
        "r":0.2307692308,
        "f":0.24
      },
      "DELIVERY":{
        "p":0.6,
        "r":0.5,
        "f":0.5454545455
      },
      "LOAD_RATE":{
        "p":0.1666666667,
        "r":0.25,
        "f":0.2
      },
      "DISCHARGE_RATE":{
        "p":0.0,
        "r":0.0,
        "f":0.0
      },
      "DISCHARGE_PORT":{
        "p":1.0,
        "r":0.5,
        "f":0.6666666667
      },
      "DURATION":{
        "p":0.9166666667,
        "r":0.7857142857,
        "f":0.8461538462
      },
      "RE_DELIVERY":{
        "p":0.8888888889,
        "r":0.6153846154,
        "f":0.7272727273
      }
    },
    "tok2vec_loss":996.4419850744,
    "ner_loss":2768.1841444925
  }
}